,category,score
0,governance,score: 0.0 +/- 33.33333333333333
1,map,score: +/-100.0
2,measure,score: 66.66666666666666 +/- 33.33333333333333
3,manage,score: 33.33333333333333 +/- 66.66666666666666
