,category,score
0,governance,score: 51.85185185185185 +/- 33.33333333333333
1,map,score: 7.6923076923076925 +/- 46.15384615384615
2,measure,score: 57.14285714285714 +/- 42.857142857142854
3,manage,score: 60.71428571428572 +/- 17.857142857142858
